cm_00,cm_01,cm_02,cm_10,cm_11,cm_12,cm_20,cm_21,cm_22,dc_0,dc_1,dc_2,dc_3,dc_4,
589.132,0,320.83,0,589.132,246.265,0,0,1,-0.382511,13.8839,0.00117871,0.00548074,-145.221,