cm_00,cm_01,cm_02,cm_10,cm_11,cm_12,cm_20,cm_21,cm_22,dc_0,dc_1,dc_2,dc_3,dc_4,
617.325,0,319.496,0,617.325,239.379,0,0,1,0.0267945,0.217288,0.00412279,0.000695777,1.40376,